author,author_link,minirpa_owr_idx_inList_列表,minirpa_from_agent__,minirpa_from_agent_id__,minirpa_timestamp
"Okumura Masanobu
					(507)",https://ukiyo-e.org/artist/okumura-masanobu,1,ukiyo-e_org_get_authors,1643357807690518530,2023-04-04 23:00:12
"Hishikawa Moronobu
					(230)",https://ukiyo-e.org/artist/hishikawa-moronobu,2,ukiyo-e_org_get_authors,1643357807690518530,2023-04-04 23:00:12
"Torii Kiyomasu II
					(202)",https://ukiyo-e.org/artist/torii-kiyomasu-ii,3,ukiyo-e_org_get_authors,1643357807690518530,2023-04-04 23:00:12
"Nishikawa Sukenobu
					(189)",https://ukiyo-e.org/artist/nishikawa-sukenobu,4,ukiyo-e_org_get_authors,1643357807690518530,2023-04-04 23:00:12
"Torii Kiyonobu II
					(179)",https://ukiyo-e.org/artist/torii-kiyonobu-ii,5,ukiyo-e_org_get_authors,1643357807690518530,2023-04-04 23:00:12
"Torii Kiyomasu I
					(177)",https://ukiyo-e.org/artist/torii-kiyomasu-i,6,ukiyo-e_org_get_authors,1643357807690518530,2023-04-04 23:00:12
"Nishimura Shigenaga
					(147)",https://ukiyo-e.org/artist/nishimura-shigenaga,7,ukiyo-e_org_get_authors,1643357807690518530,2023-04-04 23:00:12
"Torii Kiyonobu I
					(138)",https://ukiyo-e.org/artist/torii-kiyonobu-i,8,ukiyo-e_org_get_authors,1643357807690518530,2023-04-04 23:00:13
"Torii Kiyotada I
					(126)",https://ukiyo-e.org/artist/torii-kiyotada-i,9,ukiyo-e_org_get_authors,1643357807690518530,2023-04-04 23:00:13
"Okumura Toshinobu
					(112)",https://ukiyo-e.org/artist/okumura-toshinobu,10,ukiyo-e_org_get_authors,1643357807690518530,2023-04-04 23:00:13
"Katsukawa Shunsho
					(2822)",https://ukiyo-e.org/artist/katsukawa-shunsho,11,ukiyo-e_org_get_authors,1643357807690518530,2023-04-04 23:00:13
"Suzuki Harunobu
					(1884)",https://ukiyo-e.org/artist/suzuki-harunobu,12,ukiyo-e_org_get_authors,1643357807690518530,2023-04-04 23:00:13
"Isoda Koryusai
					(1104)",https://ukiyo-e.org/artist/isoda-koryusai,13,ukiyo-e_org_get_authors,1643357807690518530,2023-04-04 23:00:13
"Katsukawa Shunko
					(1012)",https://ukiyo-e.org/artist/katsukawa-shunko,14,ukiyo-e_org_get_authors,1643357807690518530,2023-04-04 23:00:13
"Katsukawa Shun'ei
					(857)",https://ukiyo-e.org/artist/katsukawa-shunei,15,ukiyo-e_org_get_authors,1643357807690518530,2023-04-04 23:00:13
"Ippitsusai Buncho
					(756)",https://ukiyo-e.org/artist/ippitsusai-buncho,16,ukiyo-e_org_get_authors,1643357807690518530,2023-04-04 23:00:13
"Torii Kiyomitsu
					(609)",https://ukiyo-e.org/artist/torii-kiyomitsu,17,ukiyo-e_org_get_authors,1643357807690518530,2023-04-04 23:00:13
"Kitao Shigemasa
					(371)",https://ukiyo-e.org/artist/kitao-shigemasa,18,ukiyo-e_org_get_authors,1643357807690518530,2023-04-04 23:00:13
"Utagawa Toyoharu
					(271)",https://ukiyo-e.org/artist/utagawa-toyoharu,19,ukiyo-e_org_get_authors,1643357807690518530,2023-04-04 23:00:13
"Ishikawa Toyonobu
					(223)",https://ukiyo-e.org/artist/ishikawa-toyonobu,20,ukiyo-e_org_get_authors,1643357807690518530,2023-04-04 23:00:13
"Torii Kiyotsune
					(141)",https://ukiyo-e.org/artist/torii-kiyotsune,21,ukiyo-e_org_get_authors,1643357807690518530,2023-04-04 23:00:14
"Torii Kiyohiro
					(136)",https://ukiyo-e.org/artist/torii-kiyohiro,22,ukiyo-e_org_get_authors,1643357807690518530,2023-04-04 23:00:14
"Katsukawa Shunsen
					(81)",https://ukiyo-e.org/artist/katsukawa-shunsen,23,ukiyo-e_org_get_authors,1643357807690518530,2023-04-04 23:00:14
"Kitagawa Utamaro
					(3358)",https://ukiyo-e.org/artist/kitagawa-utamaro,24,ukiyo-e_org_get_authors,1643357807690518530,2023-04-04 23:00:14
"Torii Kiyonaga
					(1573)",https://ukiyo-e.org/artist/torii-kiyonaga,25,ukiyo-e_org_get_authors,1643357807690518530,2023-04-04 23:00:14
"Toshusai Sharaku
					(729)",https://ukiyo-e.org/artist/toshusai-sharaku,26,ukiyo-e_org_get_authors,1643357807690518530,2023-04-04 23:00:14
"Hosoda Eishi
					(667)",https://ukiyo-e.org/artist/hosoda-eishi,27,ukiyo-e_org_get_authors,1643357807690518530,2023-04-04 23:00:14
"Katsukawa Shuncho
					(471)",https://ukiyo-e.org/artist/katsukawa-shuncho,28,ukiyo-e_org_get_authors,1643357807690518530,2023-04-04 23:00:14
"Kubo Shunman
					(470)",https://ukiyo-e.org/artist/kubo-shunman,29,ukiyo-e_org_get_authors,1643357807690518530,2023-04-04 23:00:14
"Eishosai Choki
					(208)",https://ukiyo-e.org/artist/eishosai-choki,30,ukiyo-e_org_get_authors,1643357807690518530,2023-04-04 23:00:14
"Kitao Masayoshi
					(178)",https://ukiyo-e.org/artist/kitao-masayoshi,31,ukiyo-e_org_get_authors,1643357807690518530,2023-04-04 23:00:14
"Katsukawa Shunzan
					(143)",https://ukiyo-e.org/artist/katsukawa-shunzan,32,ukiyo-e_org_get_authors,1643357807690518530,2023-04-04 23:00:14
"Chokosai Eisho
					(105)",https://ukiyo-e.org/artist/chokosai-eisho,33,ukiyo-e_org_get_authors,1643357807690518530,2023-04-04 23:00:14
"Utagawa Kunimasa
					(101)",https://ukiyo-e.org/artist/utagawa-kunimasa,34,ukiyo-e_org_get_authors,1643357807690518530,2023-04-04 23:00:14
"Ichirakutei Eisui
					(81)",https://ukiyo-e.org/artist/ichirakutei-eisui,35,ukiyo-e_org_get_authors,1643357807690518530,2023-04-04 23:00:14
"Utagawa Kunisada
					(38051)",https://ukiyo-e.org/artist/utagawa-kunisada,36,ukiyo-e_org_get_authors,1643357807690518530,2023-04-04 23:00:14
"Utagawa Hiroshige
					(19058)",https://ukiyo-e.org/artist/utagawa-hiroshige,37,ukiyo-e_org_get_authors,1643357807690518530,2023-04-04 23:00:15
"Utagawa Kuniyoshi
					(11987)",https://ukiyo-e.org/artist/utagawa-kuniyoshi,38,ukiyo-e_org_get_authors,1643357807690518530,2023-04-04 23:00:15
"Utagawa Toyokuni I
					(6985)",https://ukiyo-e.org/artist/utagawa-toyokuni-i,39,ukiyo-e_org_get_authors,1643357807690518530,2023-04-04 23:00:15
"Katsushika Hokusai
					(5465)",https://ukiyo-e.org/artist/katsushika-hokusai,40,ukiyo-e_org_get_authors,1643357807690518530,2023-04-04 23:00:15
"Utagawa Kunisada II
					(2366)",https://ukiyo-e.org/artist/utagawa-kunisada-ii,41,ukiyo-e_org_get_authors,1643357807690518530,2023-04-04 23:00:15
"Utagawa Hiroshige II
					(1687)",https://ukiyo-e.org/artist/utagawa-hiroshige-ii,42,ukiyo-e_org_get_authors,1643357807690518530,2023-04-04 23:00:15
"Keisai Eisen
					(1558)",https://ukiyo-e.org/artist/keisai-eisen,43,ukiyo-e_org_get_authors,1643357807690518530,2023-04-04 23:00:15
"Utagawa Hirosada
					(1231)",https://ukiyo-e.org/artist/utagawa-hirosada,44,ukiyo-e_org_get_authors,1643357807690518530,2023-04-04 23:00:15
"Kikugawa Eizan
					(857)",https://ukiyo-e.org/artist/kikugawa-eizan,45,ukiyo-e_org_get_authors,1643357807690518530,2023-04-04 23:00:15
"Totoya Hokkei
					(729)",https://ukiyo-e.org/artist/totoya-hokkei,46,ukiyo-e_org_get_authors,1643357807690518530,2023-04-04 23:00:15
"Utagawa Kuniyasu
					(712)",https://ukiyo-e.org/artist/utagawa-kuniyasu,47,ukiyo-e_org_get_authors,1643357807690518530,2023-04-04 23:00:15
"Utagawa Kuniteru
					(577)",https://ukiyo-e.org/artist/utagawa-kuniteru,48,ukiyo-e_org_get_authors,1643357807690518530,2023-04-04 23:00:15
"Utagawa Kunikazu
					(571)",https://ukiyo-e.org/artist/utagawa-kunikazu,49,ukiyo-e_org_get_authors,1643357807690518530,2023-04-04 23:00:15
"Utagawa Yoshitsuya
					(486)",https://ukiyo-e.org/artist/utagawa-yoshitsuya,50,ukiyo-e_org_get_authors,1643357807690518530,2023-04-04 23:00:15
"Yashima Gakutei
					(457)",https://ukiyo-e.org/artist/yashima-gakutei,51,ukiyo-e_org_get_authors,1643357807690518530,2023-04-04 23:00:15
"Utagawa Yoshikazu
					(447)",https://ukiyo-e.org/artist/utagawa-yoshikazu,52,ukiyo-e_org_get_authors,1643357807690518530,2023-04-04 23:00:15
"Utagawa Toyoshige
					(421)",https://ukiyo-e.org/artist/utagawa-toyoshige,53,ukiyo-e_org_get_authors,1643357807690518530,2023-04-04 23:00:16
"Utagawa Toyohiro
					(397)",https://ukiyo-e.org/artist/utagawa-toyohiro,54,ukiyo-e_org_get_authors,1643357807690518530,2023-04-04 23:00:16
"Utagawa Hirokage
					(355)",https://ukiyo-e.org/artist/utagawa-hirokage,55,ukiyo-e_org_get_authors,1643357807690518530,2023-04-04 23:00:16
"Kano Shugen Sadanobu
					(301)",https://ukiyo-e.org/artist/kano-shugen-sadanobu,56,ukiyo-e_org_get_authors,1643357807690518530,2023-04-04 23:00:16
"Shunkosai Hokushu
					(299)",https://ukiyo-e.org/artist/shunkosai-hokushu,57,ukiyo-e_org_get_authors,1643357807690518530,2023-04-04 23:00:16
"Yoshifuji
					(198)",https://ukiyo-e.org/artist/yoshifuji,58,ukiyo-e_org_get_authors,1643357807690518530,2023-04-04 23:00:16
"Katsukawa Shuntei
					(183)",https://ukiyo-e.org/artist/katsukawa-shuntei,59,ukiyo-e_org_get_authors,1643357807690518530,2023-04-04 23:00:16
"Yanagawa Shigenobu
					(163)",https://ukiyo-e.org/artist/yanagawa-shigenobu,60,ukiyo-e_org_get_authors,1643357807690518530,2023-04-04 23:00:16
"Gigado Ashiyuki
					(145)",https://ukiyo-e.org/artist/gigado-ashiyuki,61,ukiyo-e_org_get_authors,1643357807690518530,2023-04-04 23:00:16
"Hasegawa Sadanobu I
					(141)",https://ukiyo-e.org/artist/hasegawa-sadanobu-i,62,ukiyo-e_org_get_authors,1643357807690518530,2023-04-04 23:00:16
"Toyokawa Yoshikuni
					(124)",https://ukiyo-e.org/artist/toyokawa-yoshikuni,63,ukiyo-e_org_get_authors,1643357807690518530,2023-04-04 23:00:16
"Teisai Hokuba
					(101)",https://ukiyo-e.org/artist/teisai-hokuba,64,ukiyo-e_org_get_authors,1643357807690518530,2023-04-04 23:00:16
"Shotei Hokuju
					(90)",https://ukiyo-e.org/artist/shotei-hokuju,65,ukiyo-e_org_get_authors,1643357807690518530,2023-04-04 23:00:16
"Torii Kiyomine
					(81)",https://ukiyo-e.org/artist/torii-kiyomine,66,ukiyo-e_org_get_authors,1643357807690518530,2023-04-04 23:00:16
"Toyohara Kunichika
					(13243)",https://ukiyo-e.org/artist/toyohara-kunichika,67,ukiyo-e_org_get_authors,1643357807690518530,2023-04-04 23:00:16
"Tsukioka Yoshitoshi
					(4721)",https://ukiyo-e.org/artist/tsukioka-yoshitoshi,68,ukiyo-e_org_get_authors,1643357807690518530,2023-04-04 23:00:16
"Toyohara Chikanobu
					(3645)",https://ukiyo-e.org/artist/toyohara-chikanobu,69,ukiyo-e_org_get_authors,1643357807690518530,2023-04-04 23:00:17
"Ochiai Yoshiiku
					(1809)",https://ukiyo-e.org/artist/ochiai-yoshiiku,70,ukiyo-e_org_get_authors,1643357807690518530,2023-04-04 23:00:17
"Tsukioka Kogyo
					(1578)",https://ukiyo-e.org/artist/tsukioka-kogyo,71,ukiyo-e_org_get_authors,1643357807690518530,2023-04-04 23:00:17
"Kobayashi Kiyochika
					(1552)",https://ukiyo-e.org/artist/kobayashi-kiyochika,72,ukiyo-e_org_get_authors,1643357807690518530,2023-04-04 23:00:17
"Utagawa Yoshitora
					(1517)",https://ukiyo-e.org/artist/utagawa-yoshitora,73,ukiyo-e_org_get_authors,1643357807690518530,2023-04-04 23:00:17
"Mizuno Toshikata
					(1419)",https://ukiyo-e.org/artist/mizuno-toshikata,74,ukiyo-e_org_get_authors,1643357807690518530,2023-04-04 23:00:17
"Utagawa Yoshitaki
					(1340)",https://ukiyo-e.org/artist/utagawa-yoshitaki,75,ukiyo-e_org_get_authors,1643357807690518530,2023-04-04 23:00:17
"Utagawa Kunisada III
					(980)",https://ukiyo-e.org/artist/utagawa-kunisada-iii,76,ukiyo-e_org_get_authors,1643357807690518530,2023-04-04 23:00:17
"Ogata Gekko
					(930)",https://ukiyo-e.org/artist/ogata-gekko,77,ukiyo-e_org_get_authors,1643357807690518530,2023-04-04 23:00:17
"Utagawa Hiroshige III
					(821)",https://ukiyo-e.org/artist/utagawa-hiroshige-iii,78,ukiyo-e_org_get_authors,1643357807690518530,2023-04-04 23:00:17
"Morikawa Chikashige
					(667)",https://ukiyo-e.org/artist/morikawa-chikashige,79,ukiyo-e_org_get_authors,1643357807690518530,2023-04-04 23:00:17
"Utagawa Sadahide
					(651)",https://ukiyo-e.org/artist/utagawa-sadahide,80,ukiyo-e_org_get_authors,1643357807690518530,2023-04-04 23:00:17
"Kawanabe Kyosai
					(603)",https://ukiyo-e.org/artist/kawanabe-kyosai,81,ukiyo-e_org_get_authors,1643357807690518530,2023-04-04 23:00:17
"Utagawa Toyosai
					(487)",https://ukiyo-e.org/artist/utagawa-toyosai,82,ukiyo-e_org_get_authors,1643357807690518530,2023-04-04 23:00:17
"Tomioka Eisen
					(450)",https://ukiyo-e.org/artist/tomioka-eisen,83,ukiyo-e_org_get_authors,1643357807690518530,2023-04-04 23:00:17
"Inoue Yasuji
					(447)",https://ukiyo-e.org/artist/inoue-yasuji,84,ukiyo-e_org_get_authors,1643357807690518530,2023-04-04 23:00:17
"Takeuchi Keishu
					(429)",https://ukiyo-e.org/artist/takeuchi-keishu,85,ukiyo-e_org_get_authors,1643357807690518530,2023-04-04 23:00:18
"Adachi Ginko
					(401)",https://ukiyo-e.org/artist/adachi-ginko,86,ukiyo-e_org_get_authors,1643357807690518530,2023-04-04 23:00:18
"Miyagawa Shuntei
					(331)",https://ukiyo-e.org/artist/miyagawa-shuntei,87,ukiyo-e_org_get_authors,1643357807690518530,2023-04-04 23:00:18
"Watanabe Nobukazu
					(287)",https://ukiyo-e.org/artist/watanabe-nobukazu,88,ukiyo-e_org_get_authors,1643357807690518530,2023-04-04 23:00:18
"Ikkei
					(278)",https://ukiyo-e.org/artist/ikkei,89,ukiyo-e_org_get_authors,1643357807690518530,2023-04-04 23:00:18
"Migita Toshihide
					(277)",https://ukiyo-e.org/artist/migita-toshihide,90,ukiyo-e_org_get_authors,1643357807690518530,2023-04-04 23:00:18
"Shibata Zeshin
					(274)",https://ukiyo-e.org/artist/shibata-zeshin,91,ukiyo-e_org_get_authors,1643357807690518530,2023-04-04 23:00:18
"Utagawa Kuniaki
					(239)",https://ukiyo-e.org/artist/utagawa-kuniaki,92,ukiyo-e_org_get_authors,1643357807690518530,2023-04-04 23:00:18
"Imao Keinen
					(176)",https://ukiyo-e.org/artist/imao-keinen,93,ukiyo-e_org_get_authors,1643357807690518530,2023-04-04 23:00:18
"Kono Bairei
					(174)",https://ukiyo-e.org/artist/kono-bairei,94,ukiyo-e_org_get_authors,1643357807690518530,2023-04-04 23:00:18
"Kajita Hanko
					(166)",https://ukiyo-e.org/artist/kajita-hanko,95,ukiyo-e_org_get_authors,1643357807690518530,2023-04-04 23:00:18
"Utagawa Kunimasa III
					(151)",https://ukiyo-e.org/artist/utagawa-kunimasa-iii,96,ukiyo-e_org_get_authors,1643357807690518530,2023-04-04 23:00:18
"Torii Kiyosada
					(145)",https://ukiyo-e.org/artist/torii-kiyosada,97,ukiyo-e_org_get_authors,1643357807690518530,2023-04-04 23:00:18
"Watanabe Shotei
					(138)",https://ukiyo-e.org/artist/watanabe-shotei,98,ukiyo-e_org_get_authors,1643357807690518530,2023-04-04 23:00:18
"Utagawa Fusatane
					(136)",https://ukiyo-e.org/artist/utagawa-fusatane,99,ukiyo-e_org_get_authors,1643357807690518530,2023-04-04 23:00:18
"Utagawa Kunitoshi
					(106)",https://ukiyo-e.org/artist/utagawa-kunitoshi,100,ukiyo-e_org_get_authors,1643357807690518530,2023-04-04 23:00:18
"Seiko
					(104)",https://ukiyo-e.org/artist/seiko,101,ukiyo-e_org_get_authors,1643357807690518530,2023-04-04 23:00:19
"Utagawa Yoshitoyo
					(101)",https://ukiyo-e.org/artist/utagawa-yoshitoyo,102,ukiyo-e_org_get_authors,1643357807690518530,2023-04-04 23:00:19
"Shibata Shinsai
					(2)",https://ukiyo-e.org/artist/shibata-shinsai,103,ukiyo-e_org_get_authors,1643357807690518530,2023-04-04 23:00:19
"Kawase Hasui
					(3192)",https://ukiyo-e.org/artist/kawase-hasui,104,ukiyo-e_org_get_authors,1643357807690518530,2023-04-04 23:00:19
"Tsuchiya Koitsu
					(1811)",https://ukiyo-e.org/artist/tsuchiya-koitsu,105,ukiyo-e_org_get_authors,1643357807690518530,2023-04-04 23:00:19
"Kasamatsu Shiro
					(1004)",https://ukiyo-e.org/artist/kasamatsu-shiro,106,ukiyo-e_org_get_authors,1643357807690518530,2023-04-04 23:00:19
"Yoshida Hiroshi
					(952)",https://ukiyo-e.org/artist/yoshida-hiroshi,107,ukiyo-e_org_get_authors,1643357807690518530,2023-04-04 23:00:19
"Ito Shinsui
					(767)",https://ukiyo-e.org/artist/ito-shinsui,108,ukiyo-e_org_get_authors,1643357807690518530,2023-04-04 23:00:19
"Ohara Koson
					(756)",https://ukiyo-e.org/artist/ohara-koson,109,ukiyo-e_org_get_authors,1643357807690518530,2023-04-04 23:00:19
"Fujishima Takeji
					(642)",https://ukiyo-e.org/artist/fujishima-takeji,110,ukiyo-e_org_get_authors,1643357807690518530,2023-04-04 23:00:19
"Takahashi Hiroaki
					(481)",https://ukiyo-e.org/artist/takahashi-hiroaki,111,ukiyo-e_org_get_authors,1643357807690518530,2023-04-04 23:00:19
"Hashiguchi Goyo
					(433)",https://ukiyo-e.org/artist/hashiguchi-goyo,112,ukiyo-e_org_get_authors,1643357807690518530,2023-04-04 23:00:19
"Wada Sanzo
					(375)",https://ukiyo-e.org/artist/wada-sanzo,113,ukiyo-e_org_get_authors,1643357807690518530,2023-04-04 23:00:19
"Torii Kotondo
					(358)",https://ukiyo-e.org/artist/torii-kotondo,114,ukiyo-e_org_get_authors,1643357807690518530,2023-04-04 23:00:19
"Shotei Takahashi
					(347)",https://ukiyo-e.org/artist/shotei-takahashi,115,ukiyo-e_org_get_authors,1643357807690518530,2023-04-04 23:00:19
"Koho
					(332)",https://ukiyo-e.org/artist/koho,116,ukiyo-e_org_get_authors,1643357807690518530,2023-04-04 23:00:19
"Yoshida Toshi
					(321)",https://ukiyo-e.org/artist/yoshida-toshi,117,ukiyo-e_org_get_authors,1643357807690518530,2023-04-04 23:00:19
"Shoson Ohara
					(270)",https://ukiyo-e.org/artist/shoson-ohara,118,ukiyo-e_org_get_authors,1643357807690518530,2023-04-04 23:00:20
"Hasegawa Sadanobu III
					(231)",https://ukiyo-e.org/artist/hasegawa-sadanobu-iii,119,ukiyo-e_org_get_authors,1643357807690518530,2023-04-04 23:00:20
"Kaburagi Kiyokata
					(228)",https://ukiyo-e.org/artist/kaburagi-kiyokata,120,ukiyo-e_org_get_authors,1643357807690518530,2023-04-04 23:00:20
"Onchi Koshiro
					(221)",https://ukiyo-e.org/artist/onchi-koshiro,121,ukiyo-e_org_get_authors,1643357807690518530,2023-04-04 23:00:20
"Asai Kiyoshi
					(206)",https://ukiyo-e.org/artist/asai-kiyoshi,122,ukiyo-e_org_get_authors,1643357807690518530,2023-04-04 23:00:20
"Natori Shunsen
					(206)",https://ukiyo-e.org/artist/natori-shunsen,123,ukiyo-e_org_get_authors,1643357807690518530,2023-04-04 23:00:20
"Yamamoto Shoun
					(155)",https://ukiyo-e.org/artist/yamamoto-shoun,124,ukiyo-e_org_get_authors,1643357807690518530,2023-04-04 23:00:20
"Maekawa Senpan
					(148)",https://ukiyo-e.org/artist/maekawa-senpan,125,ukiyo-e_org_get_authors,1643357807690518530,2023-04-04 23:00:20
"Henmi Takashi
					(111)",https://ukiyo-e.org/artist/henmi-takashi,126,ukiyo-e_org_get_authors,1643357807690518530,2023-04-04 23:00:20
"Takehisa Yumeji
					(109)",https://ukiyo-e.org/artist/takehisa-yumeji,127,ukiyo-e_org_get_authors,1643357807690518530,2023-04-04 23:00:20
"Okiie
					(109)",https://ukiyo-e.org/artist/okiie,128,ukiyo-e_org_get_authors,1643357807690518530,2023-04-04 23:00:20
"Oda Kazuma
					(97)",https://ukiyo-e.org/artist/oda-kazuma,129,ukiyo-e_org_get_authors,1643357807690518530,2023-04-04 23:00:20
"Asano Takeji
					(87)",https://ukiyo-e.org/artist/asano-takeji,130,ukiyo-e_org_get_authors,1643357807690518530,2023-04-04 23:00:20
"Tokuriki Tomikichiro
					(1460)",https://ukiyo-e.org/artist/tokuriki-tomikichiro,131,ukiyo-e_org_get_authors,1643357807690518530,2023-04-04 23:00:20
"Nishijima Katsuyuki
					(939)",https://ukiyo-e.org/artist/nishijima-katsuyuki,132,ukiyo-e_org_get_authors,1643357807690518530,2023-04-04 23:00:20
"Kawano Kaoru
					(492)",https://ukiyo-e.org/artist/kawano-kaoru,133,ukiyo-e_org_get_authors,1643357807690518530,2023-04-04 23:00:20
"Tom Kristensen
					(474)",https://ukiyo-e.org/artist/tom-kristensen,134,ukiyo-e_org_get_authors,1643357807690518530,2023-04-04 23:00:21
"Maeda Masao
					(446)",https://ukiyo-e.org/artist/maeda-masao,135,ukiyo-e_org_get_authors,1643357807690518530,2023-04-04 23:00:21
"Ikeda Shuzo
					(409)",https://ukiyo-e.org/artist/ikeda-shuzo,136,ukiyo-e_org_get_authors,1643357807690518530,2023-04-04 23:00:21
"Bakufu Ohno
					(409)",https://ukiyo-e.org/artist/bakufu-ohno,137,ukiyo-e_org_get_authors,1643357807690518530,2023-04-04 23:00:21
"Kotozuka Eiichi
					(299)",https://ukiyo-e.org/artist/kotozuka-eiichi,138,ukiyo-e_org_get_authors,1643357807690518530,2023-04-04 23:00:21
"Paul Binnie
					(287)",https://ukiyo-e.org/artist/paul-binnie,139,ukiyo-e_org_get_authors,1643357807690518530,2023-04-04 23:00:21
"Morozumi Osamu
					(266)",https://ukiyo-e.org/artist/morozumi-osamu,140,ukiyo-e_org_get_authors,1643357807690518530,2023-04-04 23:00:21
"Mitsuaki Sora
					(256)",https://ukiyo-e.org/artist/mitsuaki-sora,141,ukiyo-e_org_get_authors,1643357807690518530,2023-04-04 23:00:21
"Okamoto Ryusei
					(225)",https://ukiyo-e.org/artist/okamoto-ryusei,142,ukiyo-e_org_get_authors,1643357807690518530,2023-04-04 23:00:21
"Azechi Umetaro
					(218)",https://ukiyo-e.org/artist/azechi-umetaro,143,ukiyo-e_org_get_authors,1643357807690518530,2023-04-04 23:00:21
"Kitaoka Fumio
					(204)",https://ukiyo-e.org/artist/kitaoka-fumio,144,ukiyo-e_org_get_authors,1643357807690518530,2023-04-04 23:00:21
"Hagiwara Hideo
					(152)",https://ukiyo-e.org/artist/hagiwara-hideo,145,ukiyo-e_org_get_authors,1643357807690518530,2023-04-04 23:00:21
"Maki Haku
					(143)",https://ukiyo-e.org/artist/maki-haku,146,ukiyo-e_org_get_authors,1643357807690518530,2023-04-04 23:00:21
"Inagaki Tomoo
					(106)",https://ukiyo-e.org/artist/inagaki-tomoo,147,ukiyo-e_org_get_authors,1643357807690518530,2023-04-04 23:00:21
"Mabuchi Toru
					(99)",https://ukiyo-e.org/artist/mabuchi-toru,148,ukiyo-e_org_get_authors,1643357807690518530,2023-04-04 23:00:21
"Watanabe Sadao
					(96)",https://ukiyo-e.org/artist/watanabe-sadao,149,ukiyo-e_org_get_authors,1643357807690518530,2023-04-04 23:00:22
"Kusaka Kenji
					(84)",https://ukiyo-e.org/artist/kusaka-kenji,150,ukiyo-e_org_get_authors,1643357807690518530,2023-04-04 23:00:22